Image_ID,Class_ID,Class_Name,Score,IoU,GT_Area,Pred_Area
India_000103,3,pothole,0.7690,0.5836,36480.0,24356.8
India_000105,3,pothole,0.4977,0.5513,903.0,1638.0
India_000109,2,alligator_crack,0.2955,0.6414,56511.0,61995.6
India_000115,3,pothole,0.4228,0.6721,1728.0,2345.7
India_000131,2,alligator_crack,0.2901,0.7600,103740.1,86076.2
India_000131,0,longitudinal_crack,0.4381,0.6616,81627.1,77500.1
India_000147,3,pothole,0.3645,0.7771,1300.0,1558.4
India_000147,2,alligator_crack,0.3831,0.5447,55624.1,30300.9
India_000368,3,pothole,0.3111,0.7841,6400.0,8162.4
India_000368,3,pothole,0.5902,0.6526,1007.0,1237.9
India_000544,3,pothole,0.6460,0.7832,3977.0,5011.2
India_000544,2,alligator_crack,0.4558,0.7181,100231.9,134643.1
India_000545,3,pothole,0.3330,0.6520,40725.0,35827.5
India_000612,3,pothole,0.6842,0.6401,1716.0,2680.8
India_000746,3,pothole,0.8396,0.7191,4641.0,5981.8
India_000914,3,pothole,0.7402,0.9094,7169.0,6588.9
India_000914,3,pothole,0.8163,0.8965,21200.0,20115.0
India_000914,3,pothole,0.5727,0.8606,24087.1,24879.7
India_000914,2,alligator_crack,0.5443,0.7896,140700.2,111095.1
India_000914,3,pothole,0.6393,0.6310,2430.0,2648.9
India_000923,3,pothole,0.7132,0.7547,91104.1,108520.1
India_000942,3,pothole,0.6444,0.6950,3220.0,2368.3
India_001006,3,pothole,0.5630,0.9100,69472.0,71253.3
India_001006,3,pothole,0.4930,0.7926,676.0,776.0
India_001006,3,pothole,0.2695,0.5868,14560.0,10465.0
India_001056,0,longitudinal_crack,0.8833,0.7325,13804.0,18844.0
India_001056,3,pothole,0.3246,0.6468,81026.1,63668.2
India_001056,3,pothole,0.6037,0.5955,2432.0,3366.5
India_001114,3,pothole,0.8227,0.8983,4800.0,4535.5
India_001133,3,pothole,0.2512,0.5540,4740.0,4047.7
India_001137,3,pothole,0.5445,0.7722,2376.0,2377.0
India_001137,3,pothole,0.4174,0.7204,2376.0,1711.7
India_001137,3,pothole,0.8396,0.6599,5325.0,4351.7
India_001137,3,pothole,0.5254,0.6138,2576.0,1581.1
India_001167,3,pothole,0.4313,0.6082,816.0,1341.6
India_001167,3,pothole,0.4743,0.6043,816.0,905.0
India_001200,2,alligator_crack,0.6156,0.7796,179095.2,182327.1
India_001200,3,pothole,0.6652,0.6297,1632.0,1116.0
India_001222,3,pothole,0.5664,0.5568,18429.9,33098.8
India_001232,2,alligator_crack,0.6585,0.6170,94464.1,98979.5
India_001251,3,pothole,0.6041,0.8123,4446.0,3633.4
India_001251,3,pothole,0.4465,0.7967,4446.0,5243.8
India_001287,3,pothole,0.4683,0.7387,918.0,735.0
India_001295,3,pothole,0.5923,0.7532,950.0,1261.3
India_001349,0,longitudinal_crack,0.4186,0.5239,5148.0,6381.3
India_001381,3,pothole,0.4613,0.5687,50301.0,54868.5
India_001392,3,pothole,0.5462,0.7121,79552.0,79566.9
India_001456,2,alligator_crack,0.6371,0.8160,56624.9,63389.5
India_001456,3,pothole,0.6322,0.6901,4576.0,3157.8
India_001466,3,pothole,0.3315,0.7127,79379.9,111386.1
India_001585,3,pothole,0.2503,0.8047,957.0,997.0
India_001684,3,pothole,0.4906,0.7586,3995.0,4644.6
India_001695,2,alligator_crack,0.6133,0.6998,110589.1,85698.1
India_001695,3,pothole,0.4959,0.6293,1575.0,2284.5
India_001697,3,pothole,0.6941,0.7311,1508.0,1608.1
India_001697,2,alligator_crack,0.5874,0.6250,10682.0,11646.1
India_001704,3,pothole,0.2671,0.6817,1664.0,1306.5
India_001704,3,pothole,0.3591,0.6744,98397.0,145899.0
India_001704,3,pothole,0.5734,0.5383,1296.0,2407.4
India_001736,3,pothole,0.3364,0.6303,22792.1,30192.7
India_001808,0,longitudinal_crack,0.3942,0.5772,6018.0,9905.8
India_001809,3,pothole,0.3819,0.8491,64872.0,55082.0
India_001888,0,longitudinal_crack,0.2638,0.8549,18251.9,18423.1
India_001888,2,alligator_crack,0.2752,0.5143,61236.0,37410.8
India_001907,2,alligator_crack,0.6525,0.8851,47432.0,44232.6
India_001983,3,pothole,0.4799,0.8305,83220.1,87481.8
India_002095,2,alligator_crack,0.3235,0.5879,108360.0,127757.2
India_002122,3,pothole,0.2549,0.8384,83992.9,73381.4
India_002122,3,pothole,0.3410,0.7097,65064.9,50382.1
India_002137,2,alligator_crack,0.7675,0.8270,86108.0,100796.8
India_002137,3,pothole,0.7517,0.7907,5768.0,5598.6
India_002250,3,pothole,0.5906,0.7942,1537.0,1352.8
India_002376,3,pothole,0.6511,0.8344,5913.0,6546.1
India_002376,3,pothole,0.7834,0.7509,19257.0,25645.9
India_002395,3,pothole,0.6654,0.6377,84639.9,118331.2
India_002487,3,pothole,0.7514,0.8023,24955.0,27098.2
India_002496,3,pothole,0.3015,0.7588,1830.0,1740.3
India_002642,0,longitudinal_crack,0.5337,0.5359,5109.0,9533.6
India_002667,3,pothole,0.4503,0.5287,29100.0,23900.3
India_002685,3,pothole,0.5306,0.7462,9855.0,10296.4
India_002790,3,pothole,0.6153,0.7795,96380.0,119834.2
India_002793,3,pothole,0.6628,0.6294,5480.1,8706.6
India_002793,3,pothole,0.6316,0.5328,4500.0,3263.8
India_002921,3,pothole,0.7226,0.6630,3640.0,5490.6
India_002946,3,pothole,0.7600,0.7585,1254.0,1630.1
India_002946,2,alligator_crack,0.6693,0.7579,96479.9,112821.7
India_002948,3,pothole,0.6176,0.7932,1276.0,1068.9
India_002995,3,pothole,0.4930,0.8088,2584.0,2325.8
India_002995,0,longitudinal_crack,0.2659,0.7974,3894.0,4883.2
India_002995,2,alligator_crack,0.4352,0.7414,115115.0,115503.7
India_003013,3,pothole,0.6449,0.8035,950.0,954.5
India_003013,3,pothole,0.7013,0.7166,1980.0,1418.9
India_003018,3,pothole,0.7644,0.8035,12460.0,15507.3
India_003018,3,pothole,0.7796,0.7915,18700.1,18599.3
India_003018,0,longitudinal_crack,0.5413,0.7376,6160.0,7179.3
India_003085,3,pothole,0.5039,0.7625,3080.0,2867.5
India_003085,0,longitudinal_crack,0.3068,0.5994,1702.0,2407.2
India_003087,3,pothole,0.7130,0.5853,5472.0,7012.9
India_003096,3,pothole,0.5333,0.8329,89610.0,96753.0
India_003120,3,pothole,0.5948,0.8233,2346.0,2401.4
India_003120,3,pothole,0.6036,0.7172,1800.0,2509.8
India_003150,3,pothole,0.6145,0.7401,3492.0,4718.5
India_003150,3,pothole,0.7467,0.7064,4978.0,4648.9
India_003168,3,pothole,0.3177,0.8710,68199.0,63777.7
India_003168,3,pothole,0.7298,0.6520,2730.0,3952.2
India_003228,3,pothole,0.4328,0.7194,74272.1,74881.3
India_003228,3,pothole,0.5556,0.5912,27492.0,37397.3
India_003366,3,pothole,0.5930,0.9039,103617.0,102041.2
India_003411,3,pothole,0.6011,0.6535,3584.0,4282.7
India_003696,3,pothole,0.4398,0.5369,11284.0,18351.0
India_003776,3,pothole,0.3910,0.6935,91805.1,110426.0
India_003865,2,alligator_crack,0.5139,0.6897,60480.0,69286.5
India_003865,3,pothole,0.6093,0.6439,7140.0,4644.0
India_004033,3,pothole,0.3585,0.6446,1352.0,871.5
India_004047,3,pothole,0.5861,0.8304,756.0,871.9
India_004047,3,pothole,0.4905,0.7791,2108.0,1927.4
India_004047,3,pothole,0.5217,0.6581,2727.0,4049.2
India_004047,3,pothole,0.4818,0.5971,2108.0,1757.6
India_004100,3,pothole,0.4845,0.6826,899.0,1247.5
India_004327,3,pothole,0.4188,0.7013,4550.0,3977.8
India_004327,3,pothole,0.4185,0.5253,11594.0,18256.5
India_004338,0,longitudinal_crack,0.8294,0.6912,5676.0,8211.4
India_004338,3,pothole,0.5927,0.5209,8880.0,4643.9
India_004338,3,pothole,0.2606,0.5114,41790.1,25474.3
India_004385,3,pothole,0.7497,0.8010,4050.0,3286.7
India_004385,3,pothole,0.3182,0.6973,4320.0,5255.7
India_004385,2,alligator_crack,0.4846,0.6729,103971.9,87992.5
India_004441,3,pothole,0.5212,0.7654,86541.1,111619.5
India_004449,3,pothole,0.7802,0.5905,4448.0,6935.5
India_004449,3,pothole,0.5710,0.5716,1540.0,2635.8
India_004469,3,pothole,0.6020,0.8454,74448.0,84092.8
India_004469,0,longitudinal_crack,0.3955,0.6769,5516.0,6268.7
India_004483,3,pothole,0.4312,0.6758,1855.0,1826.8
India_004509,2,alligator_crack,0.6013,0.6980,141075.1,125250.8
India_004511,3,pothole,0.3311,0.6456,1620.0,1871.4
India_004511,3,pothole,0.6837,0.5265,4800.0,8096.8
India_004512,3,pothole,0.4658,0.5247,32844.1,58063.3
India_004542,3,pothole,0.8201,0.5894,13505.0,9687.4
India_004542,3,pothole,0.4919,0.5735,8662.0,7305.9
India_004629,3,pothole,0.2840,0.6089,22800.0,27157.8
India_004629,3,pothole,0.3439,0.5632,38304.0,66901.0
India_004669,2,alligator_crack,0.4622,0.6829,59924.0,65941.6
India_004739,2,alligator_crack,0.3173,0.6998,73431.0,55254.6
India_004935,3,pothole,0.6309,0.8195,4488.0,5476.2
India_005005,3,pothole,0.5712,0.7426,2013.0,2306.9
India_005059,0,longitudinal_crack,0.5536,0.7529,3382.0,3841.8
India_005059,2,alligator_crack,0.3516,0.6168,17816.0,15312.7
India_005084,3,pothole,0.6382,0.7811,988.0,1197.2
India_005197,3,pothole,0.5449,0.7567,26910.1,22893.9
India_005197,3,pothole,0.6760,0.6906,3542.0,5128.7
India_005197,3,pothole,0.5406,0.6571,44639.9,42254.9
India_005197,3,pothole,0.6028,0.5621,3542.0,2175.6
India_005219,3,pothole,0.7409,0.8112,10320.0,10475.3
India_005280,3,pothole,0.2738,0.7217,899.0,809.6
India_005297,3,pothole,0.7587,0.7001,4606.0,6578.9
India_005298,3,pothole,0.3813,0.7444,1972.0,2442.9
India_005350,3,pothole,0.6304,0.8591,77356.0,88520.7
India_005350,3,pothole,0.2687,0.8350,5550.0,4634.2
India_005427,3,pothole,0.3621,0.7496,57679.8,75032.8
India_005543,2,alligator_crack,0.7004,0.6744,83897.1,62056.9
India_005548,3,pothole,0.3872,0.5946,91079.9,103013.4
India_005564,3,pothole,0.7253,0.6748,2898.0,4104.6
India_005564,3,pothole,0.7130,0.6182,14985.9,11478.4
India_005564,3,pothole,0.3952,0.5325,5616.0,5583.5
India_005698,3,pothole,0.4299,0.7563,87791.9,86023.2
India_005743,3,pothole,0.7735,0.8440,5720.0,5816.0
India_005743,3,pothole,0.5418,0.6567,1134.0,1279.9
India_005743,3,pothole,0.4248,0.5601,360.0,621.5
India_005781,2,alligator_crack,0.2668,0.7550,26703.0,32120.9
India_005781,3,pothole,0.6171,0.7476,1536.0,1919.4
India_005781,3,pothole,0.6330,0.6802,2508.0,2419.9
India_005781,3,pothole,0.7385,0.5658,3488.0,6164.9
India_005781,3,pothole,0.4450,0.5608,714.0,1134.4
India_005937,3,pothole,0.3131,0.6392,4950.0,3164.0
India_005993,2,alligator_crack,0.5033,0.6997,98105.9,99189.5
India_005993,2,alligator_crack,0.3339,0.6057,30885.0,20744.6
India_006033,3,pothole,0.5922,0.6195,2814.0,2404.1
India_006257,3,pothole,0.6864,0.7961,2886.0,2297.5
India_006257,3,pothole,0.6929,0.6452,26862.0,33417.7
India_006295,2,alligator_crack,0.4606,0.7194,66564.2,51222.8
India_006295,3,pothole,0.7595,0.5811,4150.0,3037.4
India_006295,3,pothole,0.4225,0.5718,1104.0,1117.9
India_006322,3,pothole,0.5543,0.7719,6464.0,6460.9
India_006325,2,alligator_crack,0.4477,0.8834,13334.0,14730.4
India_006325,3,pothole,0.6013,0.5352,7938.0,13405.5
India_006325,2,alligator_crack,0.4351,0.5214,18299.9,35098.7
India_006364,3,pothole,0.8437,0.6203,5346.0,4394.3
India_006462,3,pothole,0.6152,0.7324,810.0,1091.1
India_006530,3,pothole,0.7914,0.8637,20045.0,19278.1
India_006530,3,pothole,0.4456,0.7605,12168.0,12045.3
India_006544,3,pothole,0.4930,0.7175,25228.0,18103.7
India_006622,2,alligator_crack,0.4605,0.7273,71103.0,52437.2
India_006647,3,pothole,0.5986,0.6825,748.0,571.7
India_006665,3,pothole,0.4234,0.8089,660.0,739.0
India_006707,2,alligator_crack,0.6918,0.7745,9828.0,7611.4
India_006707,3,pothole,0.3908,0.6031,17248.0,13535.4
India_006707,3,pothole,0.5813,0.5123,5250.0,2689.3
India_006873,3,pothole,0.5675,0.6055,3168.0,1923.4
India_006874,2,alligator_crack,0.6203,0.5004,29014.0,20902.7
India_006945,3,pothole,0.7006,0.8319,77634.1,75324.7
India_006953,3,pothole,0.7109,0.8517,1950.0,2236.6
India_006962,3,pothole,0.7645,0.8314,51156.0,56342.0
India_006970,3,pothole,0.5474,0.5040,3420.0,3790.9
India_007071,3,pothole,0.5968,0.8402,1800.0,1822.0
India_007071,3,pothole,0.7878,0.6981,5310.0,4243.8
India_007071,3,pothole,0.5208,0.6083,1800.0,1426.8
India_007153,0,longitudinal_crack,0.4666,0.8086,11139.0,13775.9
India_007175,2,alligator_crack,0.7945,0.6419,11890.0,9699.5
India_007226,3,pothole,0.5834,0.5739,6018.0,8678.7
India_007363,3,pothole,0.3280,0.6909,2730.0,2521.8
India_007363,3,pothole,0.4949,0.6807,840.0,1234.0
India_007420,3,pothole,0.5217,0.8919,60875.9,63998.3
India_007555,2,alligator_crack,0.5797,0.7044,124362.0,107676.5
India_007555,3,pothole,0.4948,0.5207,680.0,1007.4
India_007572,3,pothole,0.6967,0.6709,91744.9,126177.9
India_007592,3,pothole,0.5398,0.8731,67063.1,75586.8
India_007592,2,alligator_crack,0.3505,0.7580,44202.1,36964.9
India_007611,3,pothole,0.3706,0.6539,5041.0,3563.6
India_007629,0,longitudinal_crack,0.2805,0.7646,8750.0,11078.6
India_007629,3,pothole,0.4730,0.7492,1764.0,1599.1
India_007633,3,pothole,0.6269,0.7289,1092.0,1498.2
India_007633,3,pothole,0.3678,0.6871,3782.0,3559.8
India_007633,3,pothole,0.6143,0.6389,4608.0,3535.6
India_007650,3,pothole,0.6467,0.8416,44225.0,50793.9
India_007650,3,pothole,0.3969,0.7070,3045.0,3366.1
India_007712,3,pothole,0.4811,0.5121,33039.9,40785.8
India_007713,0,longitudinal_crack,0.7938,0.7604,4251.0,3479.5
India_007713,3,pothole,0.5107,0.5562,3051.0,4835.3
India_007713,3,pothole,0.5492,0.5088,19140.0,25038.5
India_007745,0,longitudinal_crack,0.3714,0.7562,12558.0,11927.9
India_007745,0,longitudinal_crack,0.3668,0.5926,5160.0,7939.1
India_007745,3,pothole,0.6261,0.5793,3072.0,1883.3
India_007745,2,alligator_crack,0.3961,0.5302,49949.9,81857.7
India_007801,3,pothole,0.3789,0.6424,7784.0,9272.5
India_007801,2,alligator_crack,0.3630,0.6227,83640.2,71245.0
India_007801,3,pothole,0.4582,0.5140,800.0,1556.4
India_007863,3,pothole,0.3291,0.7737,1728.0,1945.0
India_007863,2,alligator_crack,0.2852,0.5872,70119.1,60768.0
India_007900,3,pothole,0.6161,0.7732,1025.0,1319.3
India_007912,3,pothole,0.5207,0.6956,1645.0,1271.1
India_007912,2,alligator_crack,0.7734,0.5847,55348.2,39970.2
India_007915,3,pothole,0.4933,0.7677,71003.8,54512.3
India_007915,3,pothole,0.4276,0.6683,858.0,1266.9
India_008017,0,longitudinal_crack,0.4255,0.8368,33578.0,31298.2
India_008029,0,longitudinal_crack,0.2923,0.9337,7020.0,7518.3
India_008029,3,pothole,0.8125,0.7955,7350.0,7941.3
India_008029,3,pothole,0.8070,0.7731,5754.0,7442.4
India_008099,3,pothole,0.3164,0.5911,3738.0,4688.5
India_008127,3,pothole,0.6897,0.8643,6750.0,5833.8
India_008163,2,alligator_crack,0.6801,0.8262,131040.0,113706.5
India_008163,3,pothole,0.7609,0.7409,4773.0,3536.4
India_008183,3,pothole,0.4269,0.7516,3774.0,2871.1
India_008183,3,pothole,0.2694,0.6425,7452.0,5335.0
India_008224,3,pothole,0.7392,0.7525,31600.0,24002.4
India_008224,3,pothole,0.2769,0.6202,2139.0,1874.6
India_008241,3,pothole,0.3679,0.7328,7208.0,9249.2
India_008241,3,pothole,0.5389,0.5656,8128.0,5319.2
India_008250,2,alligator_crack,0.3858,0.6444,100343.9,64657.0
India_008279,3,pothole,0.3451,0.7177,101655.0,92345.1
India_008421,3,pothole,0.2617,0.6691,81269.9,111522.8
India_008569,3,pothole,0.5133,0.7259,3458.0,2704.7
India_008609,3,pothole,0.5699,0.6783,3325.0,3605.6
India_008609,3,pothole,0.6939,0.5835,33408.0,57249.8
India_008652,3,pothole,0.2641,0.7669,5734.0,4878.9
India_008652,3,pothole,0.7863,0.7348,7038.0,8079.0
India_008652,3,pothole,0.5597,0.6602,11760.0,7816.1
India_008652,3,pothole,0.8151,0.5962,14190.0,20595.3
India_008682,3,pothole,0.4422,0.6684,38334.9,56121.0
India_008701,3,pothole,0.7898,0.7457,27448.1,25757.2
India_008701,3,pothole,0.7030,0.6583,1924.0,2743.4
India_008762,3,pothole,0.6232,0.6309,11023.0,16885.3
India_008762,3,pothole,0.2926,0.5540,14994.0,11039.6
India_008944,3,pothole,0.7561,0.6169,12936.0,11936.7
India_009009,3,pothole,0.5535,0.8581,6496.1,6540.3
India_009009,3,pothole,0.5708,0.8417,19800.0,18673.6
India_009009,2,alligator_crack,0.6028,0.7583,139582.2,117558.0
India_009009,3,pothole,0.7728,0.5891,7899.9,4939.0
India_009009,3,pothole,0.6184,0.5217,2964.0,1546.3
India_009097,3,pothole,0.3190,0.5040,7701.0,12395.7
India_009348,3,pothole,0.5947,0.8766,1127.0,1247.9
India_009381,3,pothole,0.6688,0.5754,3196.0,5554.0
India_009517,3,pothole,0.4196,0.6380,3120.0,2465.1
India_009517,2,alligator_crack,0.2666,0.5041,111386.8,202956.7
India_009792,3,pothole,0.3318,0.7186,30059.9,21600.0
India_009794,3,pothole,0.4258,0.6402,7785.0,7486.0
India_009794,3,pothole,0.5057,0.5004,2436.0,1261.5
India_009817,3,pothole,0.5098,0.7171,27537.1,21316.9
India_009817,3,pothole,0.6819,0.7073,3540.0,3593.3
India_009841,2,alligator_crack,0.2631,0.6616,22331.0,26211.8
India_009841,3,pothole,0.4216,0.5718,2378.0,3435.6
India_009841,3,pothole,0.3838,0.5564,816.0,771.0
India_009856,3,pothole,0.5086,0.6418,4416.0,5718.9
India_009856,3,pothole,0.2684,0.6325,1512.0,2298.5
India_009881,3,pothole,0.4241,0.7678,25718.0,31155.1
India_000103,0,longitudinal_crack,0.2786,NA,NA,4485.8
India_000103,0,longitudinal_crack,0.2675,NA,NA,4914.8
India_000105,3,pothole,0.3076,NA,NA,2898.5
India_000115,3,pothole,0.5909,NA,NA,6443.8
India_000131,3,pothole,0.5881,NA,NA,4956.0
India_000131,0,longitudinal_crack,0.4327,NA,NA,31704.0
India_000147,3,pothole,0.8285,NA,NA,14250.7
India_000147,3,pothole,0.4851,NA,NA,1715.9
India_000368,3,pothole,0.3762,NA,NA,4666.7
India_000368,3,pothole,0.3626,NA,NA,605.2
India_000368,3,pothole,0.3448,NA,NA,7362.4
India_000368,2,alligator_crack,0.2783,NA,NA,8232.3
India_000544,3,pothole,0.6496,NA,NA,15007.9
India_000544,3,pothole,0.3342,NA,NA,19808.3
India_000545,3,pothole,0.6552,NA,NA,6306.9
India_000545,3,pothole,0.5992,NA,NA,3615.6
India_000545,3,pothole,0.2565,NA,NA,21723.3
India_000612,3,pothole,0.5538,NA,NA,1957.8
India_000732,0,longitudinal_crack,0.2964,NA,NA,9641.7
India_000756,3,pothole,0.2720,NA,NA,25265.9
India_000771,3,pothole,0.3416,NA,NA,11628.6
India_000914,3,pothole,0.8153,NA,NA,3551.8
India_000914,3,pothole,0.3967,NA,NA,4162.3
India_000914,3,pothole,0.3192,NA,NA,39110.8
India_000914,2,alligator_crack,0.4317,NA,NA,135503.9
India_000923,3,pothole,0.4217,NA,NA,19728.4
India_001006,3,pothole,0.4194,NA,NA,10218.4
India_001056,3,pothole,0.3868,NA,NA,27550.0
India_001114,3,pothole,0.7636,NA,NA,3944.6
India_001134,3,pothole,0.4183,NA,NA,119819.8
India_001134,3,pothole,0.3320,NA,NA,92294.5
India_001222,3,pothole,0.5477,NA,NA,96131.0
India_001222,3,pothole,0.5187,NA,NA,24210.1
India_001222,3,pothole,0.5019,NA,NA,44421.8
India_001222,3,pothole,0.4292,NA,NA,55674.9
India_001232,0,longitudinal_crack,0.4022,NA,NA,4704.5
India_001251,3,pothole,0.4598,NA,NA,1624.5
India_001251,3,pothole,0.3508,NA,NA,15817.1
India_001251,3,pothole,0.2946,NA,NA,30604.7
India_001287,3,pothole,0.5354,NA,NA,2504.4
India_001287,3,pothole,0.5225,NA,NA,1708.5
India_001287,3,pothole,0.2924,NA,NA,24854.6
India_001295,3,pothole,0.4695,NA,NA,4730.6
India_001295,2,alligator_crack,0.2855,NA,NA,26678.9
India_001349,3,pothole,0.6090,NA,NA,90099.7
India_001381,3,pothole,0.5424,NA,NA,16828.3
India_001381,3,pothole,0.5380,NA,NA,32273.6
India_001381,3,pothole,0.2774,NA,NA,8037.3
India_001456,3,pothole,0.5784,NA,NA,1989.3
India_001456,3,pothole,0.4615,NA,NA,3804.6
India_001456,3,pothole,0.3125,NA,NA,8090.1
India_001466,3,pothole,0.5880,NA,NA,14258.9
India_001526,3,pothole,0.4045,NA,NA,2907.7
India_001585,1,transverse_crack,0.9096,NA,NA,5936.6
India_001585,1,transverse_crack,0.8743,NA,NA,8750.1
India_001585,1,transverse_crack,0.6635,NA,NA,3258.7
India_001585,1,transverse_crack,0.5854,NA,NA,9829.6
India_001585,1,transverse_crack,0.5685,NA,NA,15224.3
India_001585,1,transverse_crack,0.4162,NA,NA,2482.3
India_001585,3,pothole,0.6039,NA,NA,1829.2
India_001585,2,alligator_crack,0.4301,NA,NA,44444.4
India_001585,2,alligator_crack,0.2572,NA,NA,61762.7
India_001684,3,pothole,0.5086,NA,NA,3326.6
India_001684,3,pothole,0.4581,NA,NA,470.2
India_001684,3,pothole,0.3897,NA,NA,535.5
India_001695,3,pothole,0.2848,NA,NA,715.6
India_001697,3,pothole,0.5355,NA,NA,1085.7
India_001697,0,longitudinal_crack,0.4093,NA,NA,8558.0
India_001704,3,pothole,0.7177,NA,NA,18864.4
India_001704,3,pothole,0.4143,NA,NA,3567.6
India_001704,3,pothole,0.3500,NA,NA,54472.7
India_001704,3,pothole,0.3063,NA,NA,67151.1
India_001704,3,pothole,0.2829,NA,NA,816.1
India_001704,3,pothole,0.2674,NA,NA,80945.7
India_001736,3,pothole,0.6585,NA,NA,12257.7
India_001808,3,pothole,0.4814,NA,NA,14931.2
India_001808,0,longitudinal_crack,0.3287,NA,NA,20711.7
India_001809,3,pothole,0.4287,NA,NA,33443.2
India_001888,0,longitudinal_crack,0.6108,NA,NA,13319.0
India_001888,3,pothole,0.4519,NA,NA,749.4
India_001888,3,pothole,0.4467,NA,NA,560.5
India_001888,3,pothole,0.4209,NA,NA,3417.4
India_001888,2,alligator_crack,0.3562,NA,NA,12618.1
India_001907,2,alligator_crack,0.3444,NA,NA,30910.2
India_001907,0,longitudinal_crack,0.4471,NA,NA,33660.1
India_001983,3,pothole,0.3689,NA,NA,6604.7
India_001983,3,pothole,0.3175,NA,NA,53253.3
India_001983,3,pothole,0.2926,NA,NA,31704.2
India_002048,3,pothole,0.6996,NA,NA,22518.4
India_002048,3,pothole,0.4419,NA,NA,1765.3
India_002048,3,pothole,0.3654,NA,NA,3097.3
India_002087,2,alligator_crack,0.5842,NA,NA,62605.5
India_002087,3,pothole,0.3349,NA,NA,1814.7
India_002087,0,longitudinal_crack,0.2925,NA,NA,21034.4
India_002122,3,pothole,0.4973,NA,NA,37267.3
India_002137,0,longitudinal_crack,0.2603,NA,NA,14086.9
India_002250,3,pothole,0.5934,NA,NA,1769.1
India_002250,3,pothole,0.4227,NA,NA,1268.2
India_002250,3,pothole,0.3761,NA,NA,15896.0
India_002250,3,pothole,0.3349,NA,NA,4947.4
India_002250,3,pothole,0.3265,NA,NA,8346.4
India_002376,3,pothole,0.3655,NA,NA,48383.3
India_002376,3,pothole,0.2504,NA,NA,6124.4
India_002376,2,alligator_crack,0.2805,NA,NA,92047.6
India_002385,3,pothole,0.2972,NA,NA,20947.4
India_002385,3,pothole,0.2773,NA,NA,20857.1
India_002496,3,pothole,0.5423,NA,NA,6738.5
India_002496,3,pothole,0.4793,NA,NA,2570.7
India_002496,3,pothole,0.4212,NA,NA,3677.8
India_002553,3,pothole,0.7706,NA,NA,64126.3
India_002553,3,pothole,0.6087,NA,NA,4261.9
India_002553,3,pothole,0.4700,NA,NA,2163.5
India_002678,2,alligator_crack,0.7333,NA,NA,29011.8
India_002678,3,pothole,0.3212,NA,NA,615.9
India_002790,3,pothole,0.5746,NA,NA,975.4
India_002790,3,pothole,0.3890,NA,NA,3966.0
India_002793,3,pothole,0.5792,NA,NA,1288.8
India_002793,3,pothole,0.5126,NA,NA,48878.3
India_002793,2,alligator_crack,0.3044,NA,NA,12003.9
India_002871,3,pothole,0.6930,NA,NA,8789.0
India_002871,3,pothole,0.3558,NA,NA,1609.6
India_002871,3,pothole,0.3314,NA,NA,4568.2
India_002871,3,pothole,0.3000,NA,NA,18017.7
India_002921,3,pothole,0.6492,NA,NA,3115.9
India_002945,3,pothole,0.4287,NA,NA,3166.6
India_002945,3,pothole,0.4240,NA,NA,33438.4
India_002945,3,pothole,0.3001,NA,NA,4579.7
India_002978,3,pothole,0.6433,NA,NA,9383.3
India_002995,3,pothole,0.4833,NA,NA,2684.8
India_002995,2,alligator_crack,0.4135,NA,NA,27483.0
India_003013,3,pothole,0.7192,NA,NA,6777.0
India_003013,3,pothole,0.5916,NA,NA,2888.8
India_003013,3,pothole,0.5819,NA,NA,1499.4
India_003013,3,pothole,0.4819,NA,NA,3027.3
India_003013,3,pothole,0.3205,NA,NA,7135.2
India_003085,3,pothole,0.3052,NA,NA,1894.9
India_003096,3,pothole,0.7334,NA,NA,63432.7
India_003150,0,longitudinal_crack,0.3187,NA,NA,1308.7
India_003191,3,pothole,0.5194,NA,NA,5060.1
India_003191,3,pothole,0.3380,NA,NA,1260.3
India_003228,3,pothole,0.2745,NA,NA,26525.2
India_003272,3,pothole,0.5095,NA,NA,117128.9
India_003272,3,pothole,0.3465,NA,NA,87329.4
India_003272,3,pothole,0.2989,NA,NA,61406.5
India_003366,3,pothole,0.5382,NA,NA,46557.7
India_003366,3,pothole,0.4901,NA,NA,44462.3
India_003411,3,pothole,0.6574,NA,NA,13004.1
India_003411,3,pothole,0.6040,NA,NA,10642.3
India_003776,3,pothole,0.4083,NA,NA,32417.1
India_003865,3,pothole,0.3336,NA,NA,11445.3
India_003865,2,alligator_crack,0.3567,NA,NA,31799.6
India_003865,2,alligator_crack,0.2955,NA,NA,13983.1
India_003865,0,longitudinal_crack,0.3361,NA,NA,5653.1
India_004033,3,pothole,0.4249,NA,NA,3195.3
India_004033,3,pothole,0.3276,NA,NA,8784.8
India_004033,3,pothole,0.2878,NA,NA,9737.8
India_004047,3,pothole,0.6530,NA,NA,2124.8
India_004047,3,pothole,0.5155,NA,NA,6902.5
India_004047,3,pothole,0.4913,NA,NA,27995.1
India_004047,3,pothole,0.4087,NA,NA,2826.1
India_004100,0,longitudinal_crack,0.7503,NA,NA,7839.1
India_004100,3,pothole,0.4754,NA,NA,16903.1
India_004100,3,pothole,0.4165,NA,NA,9065.2
India_004100,3,pothole,0.2722,NA,NA,1485.6
India_004121,3,pothole,0.6388,NA,NA,1675.9
India_004121,2,alligator_crack,0.3849,NA,NA,66373.9
India_004327,3,pothole,0.4479,NA,NA,59553.5
India_004441,3,pothole,0.4466,NA,NA,41950.1
India_004441,3,pothole,0.4052,NA,NA,69795.5
India_004469,3,pothole,0.2559,NA,NA,35565.6
India_004483,3,pothole,0.6655,NA,NA,9638.0
India_004509,3,pothole,0.3727,NA,NA,31533.5
India_004509,3,pothole,0.2514,NA,NA,3560.6
India_004511,3,pothole,0.5017,NA,NA,26102.6
India_004511,3,pothole,0.4414,NA,NA,2808.0
India_004511,3,pothole,0.3446,NA,NA,12317.1
India_004511,2,alligator_crack,0.3481,NA,NA,102104.6
India_004512,3,pothole,0.4565,NA,NA,39614.4
India_004512,3,pothole,0.4416,NA,NA,9055.7
India_004542,3,pothole,0.3859,NA,NA,2930.7
India_004542,3,pothole,0.3333,NA,NA,2965.1
India_004542,3,pothole,0.2817,NA,NA,7781.4
India_004629,3,pothole,0.5009,NA,NA,1769.5
India_004629,3,pothole,0.4650,NA,NA,18736.1
India_004669,3,pothole,0.6827,NA,NA,4965.7
India_004669,2,alligator_crack,0.3151,NA,NA,87838.1
India_004739,3,pothole,0.6085,NA,NA,985.8
India_004749,3,pothole,0.2988,NA,NA,1465.6
India_004749,3,pothole,0.2697,NA,NA,21652.0
India_004935,3,pothole,0.3659,NA,NA,4109.2
India_005059,3,pothole,0.6480,NA,NA,6364.4
India_005059,3,pothole,0.4339,NA,NA,6025.7
India_005084,2,alligator_crack,0.6353,NA,NA,91022.4
India_005084,2,alligator_crack,0.2532,NA,NA,96706.5
India_005135,3,pothole,0.6584,NA,NA,5403.7
India_005135,3,pothole,0.5819,NA,NA,24376.7
India_005197,3,pothole,0.2783,NA,NA,6522.2
India_005219,3,pothole,0.2819,NA,NA,10171.1
India_005297,0,longitudinal_crack,0.2653,NA,NA,4096.4
India_005298,3,pothole,0.4671,NA,NA,4136.3
India_005298,3,pothole,0.3135,NA,NA,24804.2
India_005350,3,pothole,0.5766,NA,NA,5783.4
India_005351,3,pothole,0.4404,NA,NA,16392.4
India_005455,3,pothole,0.6030,NA,NA,23397.2
India_005455,3,pothole,0.5121,NA,NA,4343.7
India_005455,3,pothole,0.4638,NA,NA,16453.2
India_005455,3,pothole,0.3249,NA,NA,19326.4
India_005455,3,pothole,0.3221,NA,NA,10628.3
India_005455,3,pothole,0.2866,NA,NA,2439.1
India_005455,3,pothole,0.2636,NA,NA,28670.1
India_005543,2,alligator_crack,0.2874,NA,NA,25504.3
India_005548,3,pothole,0.2996,NA,NA,2061.0
India_005548,3,pothole,0.2958,NA,NA,1182.7
India_005564,3,pothole,0.3606,NA,NA,2122.8
India_005564,0,longitudinal_crack,0.3183,NA,NA,2272.3
India_005569,3,pothole,0.7124,NA,NA,2564.9
India_005569,2,alligator_crack,0.6705,NA,NA,17878.8
India_005569,2,alligator_crack,0.5170,NA,NA,10229.0
India_005569,2,alligator_crack,0.3129,NA,NA,20859.8
India_005698,3,pothole,0.3285,NA,NA,38156.7
India_005715,2,alligator_crack,0.4431,NA,NA,41390.8
India_005743,3,pothole,0.5108,NA,NA,1466.7
India_005743,3,pothole,0.3398,NA,NA,3934.6
India_005743,3,pothole,0.3318,NA,NA,1643.1
India_005743,2,alligator_crack,0.3881,NA,NA,23289.6
India_005743,2,alligator_crack,0.3541,NA,NA,5697.8
India_005781,3,pothole,0.7876,NA,NA,7318.6
India_005781,3,pothole,0.2996,NA,NA,12376.2
India_005781,3,pothole,0.2502,NA,NA,3889.6
India_005781,2,alligator_crack,0.5434,NA,NA,8487.8
India_005801,3,pothole,0.3349,NA,NA,32776.7
India_005937,3,pothole,0.4035,NA,NA,2920.5
India_005993,2,alligator_crack,0.3826,NA,NA,22079.2
India_005993,3,pothole,0.3213,NA,NA,2673.9
India_005993,3,pothole,0.3112,NA,NA,16897.7
India_006033,3,pothole,0.4129,NA,NA,4272.2
India_006098,3,pothole,0.3053,NA,NA,7920.8
India_006257,3,pothole,0.4385,NA,NA,3009.5
India_006257,3,pothole,0.2523,NA,NA,1160.6
India_006257,1,transverse_crack,0.3141,NA,NA,2617.9
India_006295,3,pothole,0.5266,NA,NA,4626.9
India_006322,3,pothole,0.4459,NA,NA,2754.6
India_006325,0,longitudinal_crack,0.3791,NA,NA,10011.9
India_006339,2,alligator_crack,0.6703,NA,NA,31188.3
India_006339,2,alligator_crack,0.6167,NA,NA,68028.6
India_006339,3,pothole,0.6248,NA,NA,2913.2
India_006339,0,longitudinal_crack,0.3100,NA,NA,9048.4
India_006364,2,alligator_crack,0.4007,NA,NA,18156.4
India_006369,3,pothole,0.8017,NA,NA,21884.7
India_006369,3,pothole,0.7196,NA,NA,21392.9
India_006369,3,pothole,0.3975,NA,NA,21409.6
India_006462,3,pothole,0.4863,NA,NA,1581.8
India_006518,0,longitudinal_crack,0.7443,NA,NA,21264.1
India_006518,3,pothole,0.4610,NA,NA,1001.7
India_006532,3,pothole,0.6141,NA,NA,958.9
India_006532,3,pothole,0.5124,NA,NA,1233.8
India_006532,3,pothole,0.3663,NA,NA,3340.8
India_006532,3,pothole,0.2990,NA,NA,1583.1
India_006532,1,transverse_crack,0.3110,NA,NA,6559.6
India_006544,3,pothole,0.3179,NA,NA,12416.8
India_006622,3,pothole,0.6459,NA,NA,1808.2
India_006647,3,pothole,0.6137,NA,NA,557.1
India_006647,2,alligator_crack,0.3958,NA,NA,85764.9
India_006665,3,pothole,0.3876,NA,NA,17433.8
India_006665,3,pothole,0.3368,NA,NA,56353.7
India_006665,3,pothole,0.2551,NA,NA,1140.8
India_006707,3,pothole,0.5622,NA,NA,1086.2
India_006756,3,pothole,0.5707,NA,NA,4318.3
India_006756,3,pothole,0.3194,NA,NA,35465.8
India_006873,2,alligator_crack,0.4317,NA,NA,20998.9
India_006899,0,longitudinal_crack,0.4131,NA,NA,16216.2
India_006899,3,pothole,0.3616,NA,NA,24522.2
India_006899,3,pothole,0.2767,NA,NA,10147.2
India_006920,0,longitudinal_crack,0.3329,NA,NA,14983.0
India_006920,3,pothole,0.2827,NA,NA,516.1
India_006945,3,pothole,0.2637,NA,NA,36784.3
India_006953,2,alligator_crack,0.4861,NA,NA,190753.1
India_006953,2,alligator_crack,0.3331,NA,NA,155480.3
India_007071,3,pothole,0.4160,NA,NA,13871.2
India_007071,3,pothole,0.4042,NA,NA,21609.3
India_007153,3,pothole,0.4550,NA,NA,4143.1
India_007153,3,pothole,0.3413,NA,NA,16418.4
India_007175,3,pothole,0.2692,NA,NA,5944.5
India_007329,3,pothole,0.3794,NA,NA,20040.0
India_007555,3,pothole,0.7724,NA,NA,1462.3
India_007555,3,pothole,0.6176,NA,NA,537.1
India_007555,3,pothole,0.5830,NA,NA,603.8
India_007555,3,pothole,0.3475,NA,NA,1340.6
India_007555,2,alligator_crack,0.3777,NA,NA,82587.6
India_007555,2,alligator_crack,0.3220,NA,NA,128538.6
India_007572,3,pothole,0.2939,NA,NA,77795.5
India_007628,3,pothole,0.6544,NA,NA,2656.2
India_007628,3,pothole,0.5305,NA,NA,1863.5
India_007628,2,alligator_crack,0.2683,NA,NA,96996.3
India_007633,3,pothole,0.3798,NA,NA,631.0
India_007633,2,alligator_crack,0.2639,NA,NA,3770.7
India_007650,3,pothole,0.3665,NA,NA,33487.1
India_007734,3,pothole,0.5861,NA,NA,11172.5
India_007745,3,pothole,0.3130,NA,NA,827.7
India_007785,3,pothole,0.4935,NA,NA,841.3
India_007785,3,pothole,0.3361,NA,NA,1799.1
India_007785,2,alligator_crack,0.3542,NA,NA,77796.2
India_007785,2,alligator_crack,0.2812,NA,NA,45384.4
India_007801,3,pothole,0.2617,NA,NA,3983.9
India_007863,3,pothole,0.5283,NA,NA,9294.1
India_007863,3,pothole,0.4520,NA,NA,1117.8
India_007912,2,alligator_crack,0.3149,NA,NA,20635.4
India_007915,3,pothole,0.6423,NA,NA,5889.5
India_007915,3,pothole,0.6078,NA,NA,52418.0
India_007915,2,alligator_crack,0.5583,NA,NA,9987.3
India_007943,0,longitudinal_crack,0.8207,NA,NA,12004.8
India_007943,3,pothole,0.6777,NA,NA,4559.1
India_008017,0,longitudinal_crack,0.2849,NA,NA,29892.5
India_008099,3,pothole,0.5288,NA,NA,5987.9
India_008099,3,pothole,0.4054,NA,NA,1520.1
India_008099,3,pothole,0.2665,NA,NA,29196.1
India_008127,3,pothole,0.6383,NA,NA,2449.7
India_008163,2,alligator_crack,0.5276,NA,NA,74941.2
India_008183,2,alligator_crack,0.4731,NA,NA,11745.1
India_008183,3,pothole,0.3810,NA,NA,3938.7
India_008224,3,pothole,0.4531,NA,NA,31689.2
India_008241,3,pothole,0.6117,NA,NA,109641.0
India_008241,3,pothole,0.3365,NA,NA,61825.4
India_008250,2,alligator_crack,0.5727,NA,NA,27564.7
India_008279,3,pothole,0.5097,NA,NA,34662.5
India_008279,3,pothole,0.3149,NA,NA,32784.8
India_008279,0,longitudinal_crack,0.3224,NA,NA,14939.2
India_008383,0,longitudinal_crack,0.5254,NA,NA,26320.9
India_008383,2,alligator_crack,0.2783,NA,NA,130857.4
India_008421,3,pothole,0.4605,NA,NA,9547.2
India_008421,3,pothole,0.3236,NA,NA,70065.8
India_008569,3,pothole,0.7752,NA,NA,26154.5
India_008569,3,pothole,0.7538,NA,NA,11898.8
India_008569,3,pothole,0.4286,NA,NA,15593.4
India_008569,3,pothole,0.3599,NA,NA,11931.5
India_008632,3,pothole,0.5080,NA,NA,2317.1
India_008632,3,pothole,0.3900,NA,NA,2331.5
India_008652,3,pothole,0.3376,NA,NA,8481.2
India_008652,3,pothole,0.2511,NA,NA,7612.6
India_008652,2,alligator_crack,0.3710,NA,NA,11094.1
India_008682,0,longitudinal_crack,0.4870,NA,NA,10073.5
India_008682,3,pothole,0.4718,NA,NA,128258.0
India_008682,2,alligator_crack,0.3936,NA,NA,21467.2
India_008701,3,pothole,0.5686,NA,NA,3523.1
India_008701,3,pothole,0.5105,NA,NA,2175.7
India_008701,3,pothole,0.4481,NA,NA,2360.1
India_008701,2,alligator_crack,0.4663,NA,NA,22385.1
India_008762,3,pothole,0.4831,NA,NA,59330.0
India_008762,3,pothole,0.3597,NA,NA,9335.6
India_008762,3,pothole,0.3271,NA,NA,3728.8
India_009009,3,pothole,0.4608,NA,NA,2768.9
India_009009,3,pothole,0.2953,NA,NA,19200.3
India_009097,3,pothole,0.6211,NA,NA,4437.2
India_009097,3,pothole,0.5324,NA,NA,20944.1
India_009097,3,pothole,0.2915,NA,NA,3235.1
India_009097,2,alligator_crack,0.3530,NA,NA,7722.9
India_009097,2,alligator_crack,0.3233,NA,NA,76838.2
India_009097,2,alligator_crack,0.2867,NA,NA,46959.8
India_009097,0,longitudinal_crack,0.3324,NA,NA,6892.4
India_009138,0,longitudinal_crack,0.5504,NA,NA,22573.2
India_009138,0,longitudinal_crack,0.2581,NA,NA,16550.1
India_009205,3,pothole,0.4467,NA,NA,5310.0
India_009348,3,pothole,0.5858,NA,NA,1150.6
India_009348,0,longitudinal_crack,0.4341,NA,NA,8418.4
India_009348,0,longitudinal_crack,0.3308,NA,NA,64152.8
India_009348,2,alligator_crack,0.3720,NA,NA,83789.2
India_009381,3,pothole,0.3509,NA,NA,834.5
India_009381,0,longitudinal_crack,0.2995,NA,NA,8251.3
India_009553,3,pothole,0.8466,NA,NA,6884.2
India_009752,0,longitudinal_crack,0.4539,NA,NA,9838.6
India_009792,3,pothole,0.4758,NA,NA,6238.7
India_009792,3,pothole,0.3606,NA,NA,9182.8
India_009794,3,pothole,0.5974,NA,NA,1138.6
India_009817,3,pothole,0.4617,NA,NA,12610.5
India_009817,2,alligator_crack,0.4942,NA,NA,16538.1
India_009817,0,longitudinal_crack,0.4140,NA,NA,11710.0
India_009841,3,pothole,0.3893,NA,NA,1872.3
India_009841,3,pothole,0.2939,NA,NA,1036.7
India_009856,3,pothole,0.5697,NA,NA,2391.7
India_009856,3,pothole,0.3395,NA,NA,1035.5
India_009856,3,pothole,0.3098,NA,NA,1856.3
India_009856,3,pothole,0.2621,NA,NA,689.2
India_009856,2,alligator_crack,0.4245,NA,NA,29362.5
India_009856,0,longitudinal_crack,0.4046,NA,NA,31651.7
India_009856,0,longitudinal_crack,0.2633,NA,NA,19229.0
India_009881,3,pothole,0.5597,NA,NA,74571.1
India_009881,3,pothole,0.3093,NA,NA,56173.5
