Image_ID,GT_Count,Pred_Count,TP,FP,FN,Precision,Recall,F1_Score
India_000103,1,3,1,2,0,0.3333,1.0000,0.5000
India_000105,3,2,1,1,2,0.5000,0.3333,0.4000
India_000109,2,1,1,0,1,1.0000,0.5000,0.6667
India_000115,2,2,1,1,1,0.5000,0.5000,0.5000
India_000131,3,4,2,2,1,0.5000,0.6667,0.5714
India_000147,4,4,2,2,2,0.5000,0.5000,0.5000
India_000368,5,6,2,4,3,0.3333,0.4000,0.3636
India_000544,4,4,2,2,2,0.5000,0.5000,0.5000
India_000545,1,4,1,3,0,0.2500,1.0000,0.4000
India_000612,1,2,1,1,0,0.5000,1.0000,0.6667
India_000732,1,1,0,1,1,0.0000,0.0000,0.0000
India_000746,1,1,1,0,0,1.0000,1.0000,1.0000
India_000756,2,1,0,1,2,0.0000,0.0000,0.0000
India_000771,1,1,0,1,1,0.0000,0.0000,0.0000
India_000914,7,9,5,4,2,0.5556,0.7143,0.6250
India_000923,1,2,1,1,0,0.5000,1.0000,0.6667
India_000942,1,1,1,0,0,1.0000,1.0000,1.0000
India_001006,4,4,3,1,1,0.7500,0.7500,0.7500
India_001056,3,4,3,1,0,0.7500,1.0000,0.8571
India_001114,3,2,1,1,2,0.5000,0.3333,0.4000
India_001133,2,1,1,0,1,1.0000,0.5000,0.6667
India_001134,2,2,0,2,2,0.0000,0.0000,0.0000
India_001137,4,4,4,0,0,1.0000,1.0000,1.0000
India_001167,3,2,2,0,1,1.0000,0.6667,0.8000
India_001200,2,2,2,0,0,1.0000,1.0000,1.0000
India_001222,3,5,1,4,2,0.2000,0.3333,0.2500
India_001232,2,2,1,1,1,0.5000,0.5000,0.5000
India_001251,5,5,2,3,3,0.4000,0.4000,0.4000
India_001287,9,4,1,3,8,0.2500,0.1111,0.1538
India_001295,4,3,1,2,3,0.3333,0.2500,0.2857
India_001349,3,2,1,1,2,0.5000,0.3333,0.4000
India_001381,10,4,1,3,9,0.2500,0.1000,0.1429
India_001392,3,1,1,0,2,1.0000,0.3333,0.5000
India_001456,2,5,2,3,0,0.4000,1.0000,0.5714
India_001466,2,2,1,1,1,0.5000,0.5000,0.5000
India_001526,2,1,0,1,2,0.0000,0.0000,0.0000
India_001585,3,10,1,9,2,0.1000,0.3333,0.1538
India_001684,2,4,1,3,1,0.2500,0.5000,0.3333
India_001695,3,3,2,1,1,0.6667,0.6667,0.6667
India_001697,2,4,2,2,0,0.5000,1.0000,0.6667
India_001704,6,9,3,6,3,0.3333,0.5000,0.4000
India_001736,6,2,1,1,5,0.5000,0.1667,0.2500
India_001808,3,3,1,2,2,0.3333,0.3333,0.3333
India_001809,1,2,1,1,0,0.5000,1.0000,0.6667
India_001888,7,7,2,5,5,0.2857,0.2857,0.2857
India_001907,2,3,1,2,1,0.3333,0.5000,0.4000
India_001983,2,4,1,3,1,0.2500,0.5000,0.3333
India_002048,1,3,0,3,1,0.0000,0.0000,0.0000
India_002087,4,3,0,3,4,0.0000,0.0000,0.0000
India_002095,2,1,1,0,1,1.0000,0.5000,0.6667
India_002122,2,3,2,1,0,0.6667,1.0000,0.8000
India_002137,3,3,2,1,1,0.6667,0.6667,0.6667
India_002250,3,6,1,5,2,0.1667,0.3333,0.2222
India_002376,4,5,2,3,2,0.4000,0.5000,0.4444
India_002385,2,2,0,2,2,0.0000,0.0000,0.0000
India_002395,3,1,1,0,2,1.0000,0.3333,0.5000
India_002487,6,1,1,0,5,1.0000,0.1667,0.2857
India_002496,3,4,1,3,2,0.2500,0.3333,0.2857
India_002553,2,3,0,3,2,0.0000,0.0000,0.0000
India_002642,3,1,1,0,2,1.0000,0.3333,0.5000
India_002667,1,1,1,0,0,1.0000,1.0000,1.0000
India_002678,2,2,0,2,2,0.0000,0.0000,0.0000
India_002685,1,1,1,0,0,1.0000,1.0000,1.0000
India_002790,2,3,1,2,1,0.3333,0.5000,0.4000
India_002793,13,5,2,3,11,0.4000,0.1538,0.2222
India_002871,3,4,0,4,3,0.0000,0.0000,0.0000
India_002921,1,2,1,1,0,0.5000,1.0000,0.6667
India_002945,5,3,0,3,5,0.0000,0.0000,0.0000
India_002946,3,2,2,0,1,1.0000,0.6667,0.8000
India_002948,1,1,1,0,0,1.0000,1.0000,1.0000
India_002978,2,1,0,1,2,0.0000,0.0000,0.0000
India_002995,3,5,3,2,0,0.6000,1.0000,0.7500
India_003013,8,7,2,5,6,0.2857,0.2500,0.2667
India_003018,4,3,3,0,1,1.0000,0.7500,0.8571
India_003085,3,3,2,1,1,0.6667,0.6667,0.6667
India_003087,2,1,1,0,1,1.0000,0.5000,0.6667
India_003096,1,2,1,1,0,0.5000,1.0000,0.6667
India_003120,2,2,2,0,0,1.0000,1.0000,1.0000
India_003150,3,3,2,1,1,0.6667,0.6667,0.6667
India_003168,3,2,2,0,1,1.0000,0.6667,0.8000
India_003191,1,2,0,2,1,0.0000,0.0000,0.0000
India_003228,3,3,2,1,1,0.6667,0.6667,0.6667
India_003272,1,3,0,3,1,0.0000,0.0000,0.0000
India_003366,1,3,1,2,0,0.3333,1.0000,0.5000
India_003411,8,3,1,2,7,0.3333,0.1250,0.1818
India_003696,1,1,1,0,0,1.0000,1.0000,1.0000
India_003776,2,2,1,1,1,0.5000,0.5000,0.5000
India_003865,2,6,2,4,0,0.3333,1.0000,0.5000
India_004033,3,4,1,3,2,0.2500,0.3333,0.2857
India_004047,7,8,4,4,3,0.5000,0.5714,0.5333
India_004100,2,5,1,4,1,0.2000,0.5000,0.2857
India_004121,2,2,0,2,2,0.0000,0.0000,0.0000
India_004327,2,3,2,1,0,0.6667,1.0000,0.8000
India_004338,4,3,3,0,1,1.0000,0.7500,0.8571
India_004385,4,3,3,0,1,1.0000,0.7500,0.8571
India_004441,2,3,1,2,1,0.3333,0.5000,0.4000
India_004449,3,2,2,0,1,1.0000,0.6667,0.8000
India_004469,2,3,2,1,0,0.6667,1.0000,0.8000
India_004483,2,2,1,1,1,0.5000,0.5000,0.5000
India_004509,2,3,1,2,1,0.3333,0.5000,0.4000
India_004511,6,6,2,4,4,0.3333,0.3333,0.3333
India_004512,3,3,1,2,2,0.3333,0.3333,0.3333
India_004542,5,5,2,3,3,0.4000,0.4000,0.4000
India_004629,2,4,2,2,0,0.5000,1.0000,0.6667
India_004669,2,3,1,2,1,0.3333,0.5000,0.4000
India_004739,2,2,1,1,1,0.5000,0.5000,0.5000
India_004749,1,2,0,2,1,0.0000,0.0000,0.0000
India_004935,1,2,1,1,0,0.5000,1.0000,0.6667
India_005005,2,1,1,0,1,1.0000,0.5000,0.6667
India_005059,4,4,2,2,2,0.5000,0.5000,0.5000
India_005084,2,3,1,2,1,0.3333,0.5000,0.4000
India_005135,1,2,0,2,1,0.0000,0.0000,0.0000
India_005197,4,5,4,1,0,0.8000,1.0000,0.8889
India_005219,6,2,1,1,5,0.5000,0.1667,0.2500
India_005280,2,1,1,0,1,1.0000,0.5000,0.6667
India_005297,2,2,1,1,1,0.5000,0.5000,0.5000
India_005298,3,3,1,2,2,0.3333,0.3333,0.3333
India_005350,3,3,2,1,1,0.6667,0.6667,0.6667
India_005351,1,1,0,1,1,0.0000,0.0000,0.0000
India_005427,1,1,1,0,0,1.0000,1.0000,1.0000
India_005455,3,7,0,7,3,0.0000,0.0000,0.0000
India_005543,2,2,1,1,1,0.5000,0.5000,0.5000
India_005548,2,3,1,2,1,0.3333,0.5000,0.4000
India_005564,4,5,3,2,1,0.6000,0.7500,0.6667
India_005569,2,4,0,4,2,0.0000,0.0000,0.0000
India_005698,1,2,1,1,0,0.5000,1.0000,0.6667
India_005715,2,1,0,1,2,0.0000,0.0000,0.0000
India_005743,9,8,3,5,6,0.3750,0.3333,0.3529
India_005781,13,9,5,4,8,0.5556,0.3846,0.4545
India_005801,1,1,0,1,1,0.0000,0.0000,0.0000
India_005937,1,2,1,1,0,0.5000,1.0000,0.6667
India_005993,4,5,2,3,2,0.4000,0.5000,0.4444
India_006033,1,2,1,1,0,0.5000,1.0000,0.6667
India_006098,1,1,0,1,1,0.0000,0.0000,0.0000
India_006257,2,5,2,3,0,0.4000,1.0000,0.5714
India_006295,4,4,3,1,1,0.7500,0.7500,0.7500
India_006322,2,2,1,1,1,0.5000,0.5000,0.5000
India_006325,5,4,3,1,2,0.7500,0.6000,0.6667
India_006339,3,4,0,4,3,0.0000,0.0000,0.0000
India_006364,1,2,1,1,0,0.5000,1.0000,0.6667
India_006369,3,3,0,3,3,0.0000,0.0000,0.0000
India_006462,1,2,1,1,0,0.5000,1.0000,0.6667
India_006518,1,2,0,2,1,0.0000,0.0000,0.0000
India_006530,2,2,2,0,0,1.0000,1.0000,1.0000
India_006532,1,5,0,5,1,0.0000,0.0000,0.0000
India_006544,2,2,1,1,1,0.5000,0.5000,0.5000
India_006622,3,2,1,1,2,0.5000,0.3333,0.4000
India_006647,2,3,1,2,1,0.3333,0.5000,0.4000
India_006665,2,4,1,3,1,0.2500,0.5000,0.3333
India_006707,7,4,3,1,4,0.7500,0.4286,0.5455
India_006756,2,2,0,2,2,0.0000,0.0000,0.0000
India_006873,2,2,1,1,1,0.5000,0.5000,0.5000
India_006874,3,1,1,0,2,1.0000,0.3333,0.5000
India_006899,1,3,0,3,1,0.0000,0.0000,0.0000
India_006920,3,2,0,2,3,0.0000,0.0000,0.0000
India_006945,2,2,1,1,1,0.5000,0.5000,0.5000
India_006953,1,3,1,2,0,0.3333,1.0000,0.5000
India_006962,1,1,1,0,0,1.0000,1.0000,1.0000
India_006970,3,1,1,0,2,1.0000,0.3333,0.5000
India_007071,7,5,3,2,4,0.6000,0.4286,0.5000
India_007153,3,3,1,2,2,0.3333,0.3333,0.3333
India_007175,2,2,1,1,1,0.5000,0.5000,0.5000
India_007226,1,1,1,0,0,1.0000,1.0000,1.0000
India_007329,5,1,0,1,5,0.0000,0.0000,0.0000
India_007363,2,2,2,0,0,1.0000,1.0000,1.0000
India_007420,4,1,1,0,3,1.0000,0.2500,0.4000
India_007555,4,8,2,6,2,0.2500,0.5000,0.3333
India_007572,2,2,1,1,1,0.5000,0.5000,0.5000
India_007592,2,2,2,0,0,1.0000,1.0000,1.0000
India_007611,2,1,1,0,1,1.0000,0.5000,0.6667
India_007628,4,3,0,3,4,0.0000,0.0000,0.0000
India_007629,2,2,2,0,0,1.0000,1.0000,1.0000
India_007633,3,5,3,2,0,0.6000,1.0000,0.7500
India_007650,3,3,2,1,1,0.6667,0.6667,0.6667
India_007712,1,1,1,0,0,1.0000,1.0000,1.0000
India_007713,5,3,3,0,2,1.0000,0.6000,0.7500
India_007734,3,1,0,1,3,0.0000,0.0000,0.0000
India_007745,4,5,4,1,0,0.8000,1.0000,0.8889
India_007785,5,4,0,4,5,0.0000,0.0000,0.0000
India_007801,6,4,3,1,3,0.7500,0.5000,0.6000
India_007863,3,4,2,2,1,0.5000,0.6667,0.5714
India_007900,2,1,1,0,1,1.0000,0.5000,0.6667
India_007912,2,3,2,1,0,0.6667,1.0000,0.8000
India_007915,5,5,2,3,3,0.4000,0.4000,0.4000
India_007943,1,2,0,2,1,0.0000,0.0000,0.0000
India_008017,5,2,1,1,4,0.5000,0.2000,0.2857
India_008029,5,3,3,0,2,1.0000,0.6000,0.7500
India_008099,2,4,1,3,1,0.2500,0.5000,0.3333
India_008127,1,2,1,1,0,0.5000,1.0000,0.6667
India_008163,2,3,2,1,0,0.6667,1.0000,0.8000
India_008183,5,4,2,2,3,0.5000,0.4000,0.4444
India_008224,5,3,2,1,3,0.6667,0.4000,0.5000
India_008241,3,4,2,2,1,0.5000,0.6667,0.5714
India_008250,2,2,1,1,1,0.5000,0.5000,0.5000
India_008279,1,4,1,3,0,0.2500,1.0000,0.4000
India_008383,2,2,0,2,2,0.0000,0.0000,0.0000
India_008421,1,3,1,2,0,0.3333,1.0000,0.5000
India_008569,1,5,1,4,0,0.2000,1.0000,0.3333
India_008609,3,2,2,0,1,1.0000,0.6667,0.8000
India_008632,2,2,0,2,2,0.0000,0.0000,0.0000
India_008652,7,7,4,3,3,0.5714,0.5714,0.5714
India_008682,5,4,1,3,4,0.2500,0.2000,0.2222
India_008701,6,6,2,4,4,0.3333,0.3333,0.3333
India_008762,5,5,2,3,3,0.4000,0.4000,0.4000
India_008944,1,1,1,0,0,1.0000,1.0000,1.0000
India_009009,7,7,5,2,2,0.7143,0.7143,0.7143
India_009097,7,8,1,7,6,0.1250,0.1429,0.1333
India_009138,3,2,0,2,3,0.0000,0.0000,0.0000
India_009205,1,1,0,1,1,0.0000,0.0000,0.0000
India_009348,2,5,1,4,1,0.2000,0.5000,0.2857
India_009381,4,3,1,2,3,0.3333,0.2500,0.2857
India_009517,3,2,2,0,1,1.0000,0.6667,0.8000
India_009553,4,1,0,1,4,0.0000,0.0000,0.0000
India_009752,1,1,0,1,1,0.0000,0.0000,0.0000
India_009792,3,3,1,2,2,0.3333,0.3333,0.3333
India_009794,3,3,2,1,1,0.6667,0.6667,0.6667
India_009817,6,5,2,3,4,0.4000,0.3333,0.3636
India_009841,4,5,3,2,1,0.6000,0.7500,0.6667
India_009856,8,9,2,7,6,0.2222,0.2500,0.2353
India_009881,3,3,1,2,2,0.3333,0.3333,0.3333
