image_id,group,tp,fp,fn,severity,gt_count,prediction_count,output_path,longitudinal_crack_gt,longitudinal_crack_tp,longitudinal_crack_fp,longitudinal_crack_fn,transverse_crack_gt,transverse_crack_tp,transverse_crack_fp,transverse_crack_fn,alligator_crack_gt,alligator_crack_tp,alligator_crack_fp,alligator_crack_fn,pothole_gt,pothole_tp,pothole_fp,pothole_fn
India_002020,missed,0,1,8,9,8,1,C:/Users/viraj/Code_files/Github/RoadGuard AI/experiments/error_analysis/missed/India_002020.png,0,0,0,0,0,0,0,0,0,0,0,0,8,0,1,8
India_001722,missed,0,1,10,11,10,1,C:/Users/viraj/Code_files/Github/RoadGuard AI/experiments/error_analysis/missed/India_001722.png,2,0,0,2,0,0,0,0,1,0,0,1,7,0,1,7
India_006847,missed,1,0,1,1,2,1,C:/Users/viraj/Code_files/Github/RoadGuard AI/experiments/error_analysis/missed/India_006847.png,0,0,0,0,1,0,0,1,0,0,0,0,1,1,0,0
India_002509,missed,1,0,4,4,5,1,C:/Users/viraj/Code_files/Github/RoadGuard AI/experiments/error_analysis/missed/India_002509.png,1,0,0,1,0,0,0,0,3,0,0,3,1,1,0,0
India_000223,missed,1,1,6,7,7,2,C:/Users/viraj/Code_files/Github/RoadGuard AI/experiments/error_analysis/missed/India_000223.png,1,1,0,0,0,0,0,0,0,0,0,0,6,0,1,6
India_003177,missed,1,0,3,3,4,1,C:/Users/viraj/Code_files/Github/RoadGuard AI/experiments/error_analysis/missed/India_003177.png,3,0,0,3,0,0,0,0,0,0,0,0,1,1,0,0
India_003576,missed,0,1,4,5,4,1,C:/Users/viraj/Code_files/Github/RoadGuard AI/experiments/error_analysis/missed/India_003576.png,0,0,0,0,0,0,0,0,3,0,1,3,1,0,0,1
India_000994,missed,3,0,6,6,9,3,C:/Users/viraj/Code_files/Github/RoadGuard AI/experiments/error_analysis/missed/India_000994.png,0,0,0,0,0,0,0,0,2,2,0,0,7,1,0,6
India_000352,missed,0,0,4,4,4,0,C:/Users/viraj/Code_files/Github/RoadGuard AI/experiments/error_analysis/missed/India_000352.png,0,0,0,0,0,0,0,0,2,0,0,2,2,0,0,2
India_000685,missed,1,1,3,4,4,2,C:/Users/viraj/Code_files/Github/RoadGuard AI/experiments/error_analysis/missed/India_000685.png,2,0,0,2,0,0,0,0,0,0,0,0,2,1,1,1
India_000576,missed,0,0,3,3,3,0,C:/Users/viraj/Code_files/Github/RoadGuard AI/experiments/error_analysis/missed/India_000576.png,0,0,0,0,0,0,0,0,2,0,0,2,1,0,0,1
India_001443,missed,0,1,4,5,4,1,C:/Users/viraj/Code_files/Github/RoadGuard AI/experiments/error_analysis/missed/India_001443.png,2,0,0,2,1,0,0,1,0,0,0,0,1,0,1,1
India_000710,false_positives,3,4,0,4,3,7,C:/Users/viraj/Code_files/Github/RoadGuard AI/experiments/error_analysis/false_positives/India_000710.png,1,1,0,0,0,0,0,0,0,0,0,0,2,2,4,0
India_003686,false_positives,1,2,1,3,2,3,C:/Users/viraj/Code_files/Github/RoadGuard AI/experiments/error_analysis/false_positives/India_003686.png,0,0,2,0,0,0,0,0,1,0,0,1,1,1,0,0
India_000586,false_positives,0,1,4,5,4,1,C:/Users/viraj/Code_files/Github/RoadGuard AI/experiments/error_analysis/false_positives/India_000586.png,0,0,0,0,0,0,0,0,1,0,1,1,3,0,0,3
India_003741,false_positives,1,4,6,10,7,5,C:/Users/viraj/Code_files/Github/RoadGuard AI/experiments/error_analysis/false_positives/India_003741.png,1,0,0,1,0,0,0,0,0,0,0,0,6,1,4,5
India_000654,false_positives,1,1,0,1,1,2,C:/Users/viraj/Code_files/Github/RoadGuard AI/experiments/error_analysis/false_positives/India_000654.png,0,0,1,0,0,0,0,0,0,0,0,0,1,1,0,0
India_001037,false_positives,0,2,3,5,3,2,C:/Users/viraj/Code_files/Github/RoadGuard AI/experiments/error_analysis/false_positives/India_001037.png,0,0,0,0,0,0,0,0,2,0,1,2,1,0,1,1
India_000759,false_positives,1,1,1,2,2,2,C:/Users/viraj/Code_files/Github/RoadGuard AI/experiments/error_analysis/false_positives/India_000759.png,0,0,1,0,0,0,0,0,1,0,0,1,1,1,0,0
India_002775,false_positives,1,1,3,4,4,2,C:/Users/viraj/Code_files/Github/RoadGuard AI/experiments/error_analysis/false_positives/India_002775.png,2,0,0,2,0,0,0,0,0,0,1,0,2,1,0,1
India_006739,false_positives,1,4,1,5,2,5,C:/Users/viraj/Code_files/Github/RoadGuard AI/experiments/error_analysis/false_positives/India_006739.png,0,0,0,0,0,0,0,0,0,0,0,0,2,1,4,1
India_002340,false_positives,0,1,1,2,1,1,C:/Users/viraj/Code_files/Github/RoadGuard AI/experiments/error_analysis/false_positives/India_002340.png,0,0,1,0,0,0,0,0,0,0,0,0,1,0,0,1
India_002877,false_positives,3,2,2,4,5,5,C:/Users/viraj/Code_files/Github/RoadGuard AI/experiments/error_analysis/false_positives/India_002877.png,3,1,0,2,0,0,0,0,0,0,1,0,2,2,1,0
India_003048,false_positives,0,1,1,2,1,1,C:/Users/viraj/Code_files/Github/RoadGuard AI/experiments/error_analysis/false_positives/India_003048.png,0,0,1,0,0,0,0,0,0,0,0,0,1,0,0,1
India_000808,successful,3,2,2,4,5,5,C:/Users/viraj/Code_files/Github/RoadGuard AI/experiments/error_analysis/successful/India_000808.png,0,0,0,0,0,0,0,0,1,0,0,1,4,3,2,1
India_000054,successful,1,1,1,2,2,2,C:/Users/viraj/Code_files/Github/RoadGuard AI/experiments/error_analysis/successful/India_000054.png,1,1,0,0,0,0,0,0,0,0,0,0,1,0,1,1
India_001314,successful,2,1,3,4,5,3,C:/Users/viraj/Code_files/Github/RoadGuard AI/experiments/error_analysis/successful/India_001314.png,0,0,0,0,0,0,0,0,1,1,0,0,4,1,1,3
India_000373,successful,2,0,0,0,2,2,C:/Users/viraj/Code_files/Github/RoadGuard AI/experiments/error_analysis/successful/India_000373.png,1,1,0,0,0,0,0,0,0,0,0,0,1,1,0,0
India_001419,successful,2,0,1,1,3,2,C:/Users/viraj/Code_files/Github/RoadGuard AI/experiments/error_analysis/successful/India_001419.png,1,0,0,1,0,0,0,0,1,1,0,0,1,1,0,0
India_002069,successful,2,1,1,2,3,3,C:/Users/viraj/Code_files/Github/RoadGuard AI/experiments/error_analysis/successful/India_002069.png,0,0,0,0,0,0,0,0,2,1,0,1,1,1,1,0
India_008188,successful,2,1,1,2,3,3,C:/Users/viraj/Code_files/Github/RoadGuard AI/experiments/error_analysis/successful/India_008188.png,2,1,0,1,0,0,0,0,0,0,0,0,1,1,1,0
India_003556,successful,2,0,0,0,2,2,C:/Users/viraj/Code_files/Github/RoadGuard AI/experiments/error_analysis/successful/India_003556.png,0,0,0,0,0,0,0,0,1,1,0,0,1,1,0,0
India_004612,successful,1,0,2,2,3,1,C:/Users/viraj/Code_files/Github/RoadGuard AI/experiments/error_analysis/successful/India_004612.png,0,0,0,0,0,0,0,0,1,1,0,0,2,0,0,2
India_005152,successful,2,0,0,0,2,2,C:/Users/viraj/Code_files/Github/RoadGuard AI/experiments/error_analysis/successful/India_005152.png,0,0,0,0,0,0,0,0,1,1,0,0,1,1,0,0
India_006087,successful,1,0,2,2,3,1,C:/Users/viraj/Code_files/Github/RoadGuard AI/experiments/error_analysis/successful/India_006087.png,1,0,0,1,0,0,0,0,1,1,0,0,1,0,0,1
India_006749,successful,2,1,0,1,2,3,C:/Users/viraj/Code_files/Github/RoadGuard AI/experiments/error_analysis/successful/India_006749.png,0,0,0,0,0,0,0,0,1,1,1,0,1,1,0,0
